Area_Sqft,Bedrooms,Bathrooms,Location_Score,Age_of_Property,Furnishing_Status,Price
1748.0,2,2,6.8,15,Semi-Furnished,440817.0
1431.0,2,2,1.7,2,Fully Furnished,341796.0
1824.0,3,3,4.4,14,Fully Furnished,459573.0
2262.0,3,3,8.2,26,Semi-Furnished,561833.0
1383.0,1,1,4.9,26,Semi-Furnished,360947.0
1383.0,4,4,10.0,3,Semi-Furnished,517684.0
2290.0,1,1,6.0,4,Unfurnished,511533.0
1884.0,3,3,3.9,16,Unfurnished,416640.0
1265.0,3,2,3.0,6,Unfurnished,319936.0
1771.0,4,4,4.2,15,Semi-Furnished,415464.0
1268.0,3,3,4.4,13,Semi-Furnished,343396.0
1267.0,4,4,1.6,25,Unfurnished,269331.0
1621.0,2,2,4.3,15,Unfurnished,356808.0
543.0,4,4,5.2,6,Semi-Furnished,281542.0
638.0,1,1,7.5,8,Fully Furnished,321233.0
1219.0,4,3,6.9,3,Unfurnished,389811.0
994.0,3,3,7.4,29,Semi-Furnished,352158.0
1657.0,4,3,1.1,29,Semi-Furnished,338733.0
1046.0,3,2,3.0,21,Fully Furnished,296849.0
794.0,3,3,7.0,10,Semi-Furnished,334940.0
2233.0,3,3,5.4,1,Semi-Furnished,541456.0
1387.0,3,3,1.0,11,Unfurnished,299325.0
1534.0,1,1,8.2,11,Unfurnished,441448.0
788.0,1,1,8.0,29,Fully Furnished,315503.0
1228.0,2,1,5.9,3,Fully Furnished,401153.0
1555.0,2,1,1.6,17,Semi-Furnished,336737.0
925.0,4,4,7.9,25,Unfurnished,343182.0
1688.0,2,2,6.3,20,Fully Furnished,469225.0
1200.0,5,4,8.0,6,Fully Furnished,456449.0
1354.0,2,1,7.8,28,Fully Furnished,416761.0
1199.0,2,1,8.2,0,Semi-Furnished,422688.0
2426.0,3,3,5.7,25,Unfurnished,521895.0
1493.0,3,3,2.3,25,Fully Furnished,324324.0
971.0,3,3,7.0,22,Unfurnished,328020.0
1911.0,3,3,6.6,25,Fully Furnished,479955.0
890.0,3,3,7.7,12,Fully Furnished,380396.0
1604.0,2,2,2.5,5,Unfurnished,363688.0
520.0,5,5,2.8,5,Unfurnished,232080.0
836.0,5,5,9.0,11,Unfurnished,365443.0
1598.0,3,3,7.7,7,Semi-Furnished,499681.0
1869.0,2,2,9.2,23,Fully Furnished,532319.0
1586.0,3,3,7.8,21,Semi-Furnished,450156.0
1442.0,1,1,6.4,18,Unfurnished,378386.0
1349.0,1,1,6.9,4,Fully Furnished,425923.0
761.0,2,1,9.0,17,Semi-Furnished,346985.0
1140.0,3,3,6.2,29,Fully Furnished,363676.0
1270.0,4,4,6.7,4,Semi-Furnished,417208.0
2029.0,3,3,2.4,29,Unfurnished,384906.0
1672.0,3,2,5.3,24,Semi-Furnished,408214.0
618.0,3,3,7.4,9,Fully Furnished,323897.0
1662.0,2,2,3.4,0,Fully Furnished,419534.0
1307.0,2,2,2.8,9,Fully Furnished,344878.0
1162.0,5,5,3.8,4,Fully Furnished,379869.0
1806.0,1,1,3.2,11,Unfurnished,386045.0
2015.0,4,4,2.9,21,Semi-Furnished,437753.0
1966.0,3,2,4.8,29,Unfurnished,422492.0
1080.0,3,3,9.2,26,Unfurnished,394866.0
1345.0,3,2,5.6,6,Unfurnished,370505.0
1666.0,3,2,2.7,8,Fully Furnished,392664.0
1988.0,4,4,1.7,21,Fully Furnished,410879.0
1260.0,4,3,7.3,20,Fully Furnished,435171.0
1407.0,3,3,4.4,11,Semi-Furnished,387907.0
947.0,2,2,8.4,22,Fully Furnished,381827.0
902.0,3,3,6.9,28,Semi-Furnished,337716.0
1906.0,4,4,8.2,0,Fully Furnished,560470.0
2178.0,2,2,3.4,10,Fully Furnished,484154.0
1464.0,3,3,7.2,29,Unfurnished,399472.0
2002.0,3,3,3.4,20,Unfurnished,426265.0
1681.0,3,3,9.5,14,Unfurnished,499003.0
1177.0,2,2,6.7,1,Semi-Furnished,390814.0
1681.0,3,3,3.9,19,Semi-Furnished,402426.0
2269.0,4,4,3.4,6,Fully Furnished,528627.0
1482.0,2,2,2.7,20,Semi-Furnished,324996.0
2282.0,2,1,7.3,11,Fully Furnished,570273.0
500.0,5,5,3.0,21,Semi-Furnished,207284.0
1911.0,2,1,6.4,17,Semi-Furnished,448317.0
1544.0,4,4,3.4,2,Semi-Furnished,403167.0
1350.0,3,3,7.0,6,Unfurnished,418818.0
1546.0,2,2,8.3,10,Semi-Furnished,471192.0
506.0,4,4,8.0,17,Unfurnished,280981.0
1390.0,3,3,7.8,11,Unfurnished,425469.0
1679.0,3,2,2.7,5,Semi-Furnished,370890.0
2239.0,2,2,1.8,4,Fully Furnished,479448.0
1241.0,3,2,7.3,25,Fully Furnished,393580.0
1096.0,2,1,4.3,0,Fully Furnished,363220.0
1249.0,2,1,4.9,11,Semi-Furnished,363149.0
1958.0,5,4,1.3,26,Fully Furnished,401256.0
1664.0,2,2,3.3,25,Unfurnished,337552.0
1235.0,3,3,1.3,10,Fully Furnished,309833.0
1757.0,2,2,8.9,3,Semi-Furnished,513805.0
1549.0,3,3,3.2,26,Fully Furnished,368117.0
1984.0,2,2,6.0,17,Unfurnished,457641.0
1149.0,5,4,1.4,3,Semi-Furnished,292051.0
1336.0,3,3,7.0,16,Fully Furnished,404153.0
1304.0,2,2,3.9,1,Semi-Furnished,359504.0
768.0,1,1,9.1,28,Semi-Furnished,324246.0
1648.0,2,2,9.0,23,Semi-Furnished,472039.0
1631.0,3,3,3.9,21,Fully Furnished,408590.0
1503.0,2,1,9.1,1,Semi-Furnished,502791.0
1383.0,4,4,10.0,11,Fully Furnished,507489.0
792.0,3,3,8.4,5,Unfurnished,356516.0
1290.0,2,2,8.6,9,Fully Furnished,457030.0
1329.0,3,3,3.2,24,Unfurnished,294549.0
1099.0,3,3,6.2,22,Fully Furnished,367867.0
1419.0,2,2,1.6,24,Semi-Furnished,299528.0
1702.0,2,2,1.9,20,Fully Furnished,369191.0
2443.0,1,1,10.0,22,Semi-Furnished,588897.0
1587.0,3,3,3.9,26,Unfurnished,350275.0
1629.0,3,3,7.7,15,Fully Furnished,477707.0
1463.0,3,3,8.3,13,Semi-Furnished,461115.0
541.0,4,4,8.7,6,Unfurnished,341344.0
1487.0,4,4,10.0,27,Unfurnished,487052.0
1530.0,3,2,3.2,27,Fully Furnished,357537.0
2732.0,4,4,1.4,18,Unfurnished,495031.0
1404.0,2,2,4.7,22,Semi-Furnished,368084.0
1651.0,2,2,2.2,16,Unfurnished,339996.0
1483.0,2,2,1.2,8,Unfurnished,317110.0
916.0,1,1,4.2,25,Semi-Furnished,262613.0
2071.0,3,3,8.1,12,Unfurnished,522213.0
1876.0,4,3,6.1,21,Unfurnished,448476.0
1896.0,1,1,3.8,4,Unfurnished,399112.0
1045.0,2,2,6.9,22,Unfurnished,338198.0
2201.0,3,3,3.1,4,Semi-Furnished,492859.0
799.0,4,4,1.1,9,Unfurnished,237443.0
1793.0,2,2,7.9,20,Semi-Furnished,490029.0
2595.0,3,3,6.6,26,Unfurnished,574186.0
1005.0,1,1,7.9,9,Unfurnished,348624.0
1217.0,2,2,1.4,26,Unfurnished,228972.0
1550.0,5,5,8.5,6,Unfurnished,502656.0
1248.0,5,4,6.6,25,Semi-Furnished,400431.0
725.0,1,1,6.1,14,Semi-Furnished,285186.0
1534.0,5,4,6.6,6,Semi-Furnished,472446.0
969.0,3,3,8.8,28,Fully Furnished,392157.0
1737.0,4,3,6.3,26,Unfurnished,450006.0
1040.0,3,3,6.2,14,Unfurnished,352564.0
2275.0,3,2,9.9,2,Semi-Furnished,637010.0
1108.0,3,2,7.8,18,Fully Furnished,413925.0
1339.0,3,3,5.0,9,Unfurnished,372099.0
1907.0,2,1,7.4,27,Semi-Furnished,473234.0
885.0,1,1,4.5,28,Unfurnished,248312.0
1614.0,2,2,3.1,14,Unfurnished,338312.0
2154.0,3,3,6.4,2,Semi-Furnished,553008.0
696.0,2,2,9.4,5,Semi-Furnished,357066.0
1592.0,3,3,9.4,11,Unfurnished,492451.0
1630.0,5,5,4.1,14,Unfurnished,396583.0
1891.0,1,1,5.7,5,Semi-Furnished,471653.0
882.0,3,2,2.9,12,Unfurnished,251984.0
840.0,3,2,10.0,28,Unfurnished,347232.0
1761.0,4,4,9.8,18,Semi-Furnished,542954.0
1648.0,2,2,6.8,2,Unfurnished,445406.0
1625.0,3,3,8.2,7,Unfurnished,486893.0
1673.0,4,4,7.4,7,Fully Furnished,509215.0
1160.0,4,4,6.3,22,Semi-Furnished,376721.0
1616.0,3,3,1.5,25,Fully Furnished,334946.0
1647.0,3,3,5.1,19,Fully Furnished,424445.0
1143.0,3,2,7.1,14,Fully Furnished,397299.0
2433.0,4,4,7.1,3,Unfurnished,600956.0
1737.0,3,3,4.4,18,Unfurnished,417473.0
904.0,1,1,9.5,20,Fully Furnished,377105.0
1828.0,4,4,2.5,2,Fully Furnished,452134.0
1013.0,3,3,5.5,12,Fully Furnished,332267.0
1894.0,3,3,7.2,7,Unfurnished,485949.0
2079.0,2,2,7.3,22,Fully Furnished,514791.0
1090.0,3,3,6.8,15,Fully Furnished,374179.0
1982.0,2,1,3.5,12,Semi-Furnished,417969.0
1706.0,3,2,2.4,2,Semi-Furnished,400206.0
1911.0,2,2,6.7,15,Unfurnished,466483.0
2448.0,3,3,6.4,8,Semi-Furnished,581928.0
1377.0,5,5,2.6,27,Semi-Furnished,340285.0
1123.0,1,1,7.3,13,Semi-Furnished,373551.0
1055.0,5,5,5.1,12,Unfurnished,348795.0
1092.0,3,3,7.0,20,Semi-Furnished,368316.0
1461.0,4,4,8.5,24,Unfurnished,432074.0
1671.0,3,3,2.5,6,Fully Furnished,412716.0
1638.0,3,3,1.2,14,Semi-Furnished,337307.0
1914.0,3,2,8.0,6,Unfurnished,508921.0
1507.0,4,3,6.5,5,Semi-Furnished,451441.0
2227.0,3,2,7.3,1,Fully Furnished,579322.0
1368.0,2,2,8.5,8,Unfurnished,429844.0
2860.0,3,2,8.2,21,Unfurnished,645459.0
1813.0,4,4,9.6,23,Unfurnished,523874.0
1071.0,3,2,5.8,16,Fully Furnished,354203.0
965.0,3,3,5.4,4,Fully Furnished,351735.0
1741.0,3,2,4.6,11,Fully Furnished,457768.0
1388.0,4,4,2.4,0,Unfurnished,350869.0
1857.0,2,1,6.2,9,Fully Furnished,508870.0
1737.0,3,2,3.5,10,Semi-Furnished,422156.0
1464.0,1,1,9.3,15,Fully Furnished,484316.0
1077.0,2,2,6.2,13,Unfurnished,323086.0
743.0,2,1,6.3,7,Semi-Furnished,320236.0
1277.0,2,2,4.2,23,Fully Furnished,340367.0
1928.0,3,2,1.5,16,Semi-Furnished,384078.0
1607.0,2,2,1.3,24,Semi-Furnished,317451.0
877.0,3,3,4.8,17,Unfurnished,291722.0
1587.0,2,2,1.8,11,Semi-Furnished,346719.0
1693.0,2,2,6.5,24,Semi-Furnished,423347.0
1058.0,2,1,8.9,16,Unfurnished,390710.0
1577.0,1,1,8.9,27,Unfurnished,428578.0
1529.0,3,3,6.9,25,Unfurnished,412661.0
929.0,3,3,2.9,13,Semi-Furnished,269765.0
1679.0,3,3,8.8,15,Semi-Furnished,497485.0
1780.0,3,2,9.0,13,Semi-Furnished,529718.0
2042.0,2,1,2.8,8,Unfurnished,409225.0
2027.0,4,4,7.6,3,Fully Furnished,591724.0
811.0,3,2,3.6,24,Semi-Furnished,234037.0
1031.0,3,2,8.2,22,Fully Furnished,390162.0
1758.0,1,1,10.0,10,Unfurnished,511833.0
1757.0,2,1,1.3,5,Semi-Furnished,372282.0
1758.0,2,2,9.1,14,Fully Furnished,523150.0
3426.0,2,2,6.6,4,Semi-Furnished,724454.0
1785.0,3,2,9.8,10,Semi-Furnished,547131.0
2068.0,3,3,5.2,24,Semi-Furnished,470558.0
1977.0,3,2,8.6,17,Fully Furnished,567512.0
1826.0,3,2,1.6,29,Unfurnished,349979.0
1342.0,4,4,4.0,12,Semi-Furnished,377433.0
1879.0,3,2,1.6,10,Unfurnished,369324.0
1114.0,5,5,9.8,13,Unfurnished,442306.0
1382.0,1,1,8.4,27,Fully Furnished,420789.0
1257.0,2,2,8.7,17,Fully Furnished,426500.0
1541.0,1,1,9.4,26,Unfurnished,444576.0
2657.0,3,3,1.8,27,Semi-Furnished,483042.0
566.0,4,4,4.5,24,Fully Furnished,264917.0
1843.0,2,2,1.6,27,Semi-Furnished,343054.0
694.0,4,3,2.9,18,Semi-Furnished,257179.0
1264.0,1,1,3.1,23,Semi-Furnished,282428.0
2044.0,4,4,5.2,26,Unfurnished,464304.0
1532.0,2,2,3.4,14,Semi-Furnished,370081.0
961.0,2,2,1.9,8,Unfurnished,234639.0
1142.0,3,2,2.5,7,Unfurnished,299525.0
1840.0,2,2,2.3,19,Semi-Furnished,366688.0
1135.0,2,2,9.8,27,Semi-Furnished,424398.0
1608.0,2,1,7.8,0,Semi-Furnished,483049.0
1523.0,4,4,9.7,3,Semi-Furnished,517151.0
1174.0,3,2,5.0,13,Unfurnished,332791.0
2572.0,2,2,3.5,24,Semi-Furnished,512991.0
1817.0,3,2,8.2,1,Semi-Furnished,523892.0
500.0,3,3,3.9,15,Unfurnished,203732.0
1593.0,2,2,3.7,2,Fully Furnished,407658.0
1169.0,3,2,3.1,25,Fully Furnished,297947.0
1926.0,2,1,2.2,7,Unfurnished,409980.0
1104.0,2,1,3.3,5,Fully Furnished,318560.0
1443.0,3,3,4.2,15,Unfurnished,366168.0
1752.0,2,1,7.1,23,Semi-Furnished,456788.0
1933.0,3,2,1.6,15,Semi-Furnished,383848.0
900.0,3,3,2.9,6,Fully Furnished,293809.0
1333.0,2,1,8.3,29,Semi-Furnished,414877.0
1263.0,3,2,2.3,12,Fully Furnished,325942.0
1173.0,2,2,4.1,12,Fully Furnished,351608.0
2383.0,5,5,8.8,4,Semi-Furnished,652263.0
1702.0,3,3,2.4,24,Semi-Furnished,371449.0
870.0,4,4,1.7,19,Fully Furnished,252230.0
1959.0,3,3,5.4,21,Semi-Furnished,453758.0
2561.0,1,1,3.7,17,Unfurnished,486961.0
2016.0,3,3,6.1,14,Semi-Furnished,499811.0
740.0,5,5,8.2,17,Semi-Furnished,370690.0
1258.0,3,3,2.2,1,Unfurnished,290153.0
2133.0,4,3,6.2,9,Semi-Furnished,535963.0
1146.0,4,3,5.5,22,Semi-Furnished,356497.0
1722.0,2,2,2.3,12,Fully Furnished,383445.0
1887.0,2,1,6.6,17,Semi-Furnished,487830.0
1037.0,3,3,3.5,14,Semi-Furnished,302953.0
1470.0,3,3,5.4,11,Unfurnished,404948.0
500.0,4,4,1.7,14,Fully Furnished,206649.0
988.0,4,4,5.1,12,Fully Furnished,362271.0
1374.0,2,1,3.8,17,Fully Furnished,372071.0
876.0,2,1,8.4,14,Semi-Furnished,376562.0
2316.0,3,3,1.5,24,Fully Furnished,440766.0
785.0,2,2,4.8,22,Unfurnished,247552.0
1280.0,4,4,5.1,10,Fully Furnished,396063.0
1565.0,3,3,7.5,18,Unfurnished,443199.0
2221.0,3,3,6.2,2,Fully Furnished,570331.0
782.0,1,1,7.0,6,Fully Furnished,330020.0
2082.0,3,2,8.0,20,Unfurnished,522785.0
1505.0,3,2,8.8,25,Fully Furnished,453265.0
1009.0,3,3,3.8,13,Fully Furnished,332804.0
1731.0,2,1,5.8,13,Fully Furnished,451878.0
1600.0,3,3,8.6,21,Semi-Furnished,475208.0
1200.0,4,4,9.9,12,Unfurnished,446988.0
1535.0,2,2,9.0,11,Fully Furnished,505309.0
1307.0,1,1,4.3,23,Unfurnished,280091.0
1557.0,1,1,2.8,8,Unfurnished,336478.0
1831.0,3,3,5.4,0,Unfurnished,461692.0
2293.0,3,3,7.7,18,Fully Furnished,575910.0
881.0,3,3,5.4,10,Fully Furnished,353089.0
2567.0,2,2,5.3,22,Unfurnished,520077.0
524.0,2,1,8.5,21,Semi-Furnished,310693.0
1424.0,3,3,4.3,22,Unfurnished,349231.0
1794.0,3,3,8.7,23,Semi-Furnished,517002.0
1640.0,5,5,4.7,21,Unfurnished,401127.0
1189.0,2,2,4.0,18,Unfurnished,293050.0
1396.0,3,3,5.1,17,Unfurnished,376570.0
1253.0,3,3,7.9,11,Fully Furnished,443019.0
1205.0,3,3,2.1,22,Semi-Furnished,270029.0
1925.0,3,2,2.8,27,Semi-Furnished,393183.0
1679.0,3,2,9.6,27,Unfurnished,486400.0
1154.0,5,4,2.6,27,Fully Furnished,322498.0
1950.0,2,2,6.1,26,Fully Furnished,468869.0
1654.0,2,2,6.2,0,Semi-Furnished,428182.0
1906.0,3,3,5.4,18,Fully Furnished,482329.0
1815.0,3,2,6.8,27,Semi-Furnished,450573.0
1086.0,2,2,3.1,26,Semi-Furnished,250021.0
1220.0,1,1,6.0,19,Semi-Furnished,320642.0
1874.0,1,1,4.3,28,Fully Furnished,424178.0
1805.0,4,4,7.0,29,Semi-Furnished,472664.0
1490.0,2,2,2.3,16,Semi-Furnished,327596.0
1559.0,2,2,6.1,4,Unfurnished,434448.0
2139.0,2,1,2.7,25,Semi-Furnished,428047.0
1204.0,2,2,3.5,2,Semi-Furnished,348951.0
1774.0,1,1,3.0,1,Unfurnished,369973.0
1399.0,3,3,2.6,2,Unfurnished,339401.0
1391.0,1,1,8.4,7,Fully Furnished,440635.0
2049.0,4,4,3.6,15,Semi-Furnished,459042.0
1913.0,2,1,9.3,5,Fully Furnished,563802.0
1907.0,3,3,9.7,12,Fully Furnished,578866.0
2153.0,4,3,6.1,29,Unfurnished,492693.0
1511.0,3,3,2.3,22,Fully Furnished,355550.0
1841.0,3,3,4.4,27,Semi-Furnished,425100.0
1345.0,2,1,8.2,21,Unfurnished,425371.0
1662.0,2,2,4.3,21,Semi-Furnished,385790.0
1435.0,3,3,1.8,15,Semi-Furnished,313992.0
1548.0,5,5,6.0,27,Unfurnished,414457.0
1798.0,3,3,8.6,15,Semi-Furnished,506236.0
1091.0,3,2,8.2,2,Unfurnished,418720.0
2546.0,3,3,2.6,27,Semi-Furnished,485119.0
997.0,3,2,7.1,12,Unfurnished,346991.0
893.0,1,1,3.0,13,Fully Furnished,259413.0
2079.0,3,3,3.0,7,Semi-Furnished,462820.0
1896.0,5,4,8.9,11,Unfurnished,543630.0
1812.0,2,2,3.2,22,Semi-Furnished,382333.0
1814.0,3,2,3.4,22,Semi-Furnished,418164.0
1494.0,2,2,1.0,21,Semi-Furnished,289137.0
1051.0,3,3,8.8,20,Unfurnished,384782.0
1538.0,1,1,8.1,25,Fully Furnished,452375.0
1161.0,3,3,6.6,7,Fully Furnished,390319.0
1988.0,3,3,7.8,20,Fully Furnished,537984.0
1426.0,2,1,2.4,24,Unfurnished,284788.0
1087.0,3,3,5.1,8,Fully Furnished,371814.0
1339.0,3,3,4.2,0,Unfurnished,354489.0
1706.0,4,3,1.8,5,Semi-Furnished,397277.0
1218.0,2,2,5.4,22,Semi-Furnished,353282.0
1089.0,2,1,9.3,18,Fully Furnished,430681.0
1622.0,2,1,1.4,22,Unfurnished,310000.0
1622.0,5,4,3.6,10,Semi-Furnished,413522.0
1247.0,4,3,2.9,10,Unfurnished,313572.0
1264.0,3,3,3.1,22,Unfurnished,314249.0
1616.0,4,4,9.2,29,Semi-Furnished,480427.0
776.0,3,2,5.2,12,Unfurnished,272275.0
796.0,3,3,5.2,10,Semi-Furnished,310028.0
1141.0,1,1,7.8,17,Semi-Furnished,369559.0
1393.0,3,3,2.4,22,Semi-Furnished,309299.0
1655.0,2,1,5.4,14,Unfurnished,390590.0
2238.0,4,4,4.9,0,Semi-Furnished,533220.0
1929.0,3,3,6.4,20,Unfurnished,465941.0
1420.0,3,3,10.0,24,Semi-Furnished,474356.0
1490.0,1,1,7.9,6,Semi-Furnished,457588.0
999.0,2,2,4.6,22,Fully Furnished,313695.0
1491.0,2,2,8.4,26,Fully Furnished,451662.0
1356.0,2,2,2.5,12,Fully Furnished,334096.0
1661.0,1,1,1.3,11,Unfurnished,323289.0
1086.0,4,4,2.8,17,Unfurnished,296984.0
1760.0,3,2,4.1,23,Semi-Furnished,406988.0
2266.0,2,1,5.6,18,Semi-Furnished,505169.0
1446.0,2,2,6.5,14,Semi-Furnished,401638.0
1701.0,3,3,9.2,7,Semi-Furnished,509085.0
1845.0,3,3,5.6,18,Unfurnished,448197.0
1299.0,3,2,5.5,9,Semi-Furnished,392418.0
1612.0,4,4,1.5,6,Semi-Furnished,372624.0
1506.0,3,3,1.3,17,Fully Furnished,335442.0
1549.0,5,5,6.0,15,Semi-Furnished,458104.0
1113.0,4,4,4.9,19,Semi-Furnished,337555.0
1512.0,2,2,8.6,26,Semi-Furnished,453443.0
1749.0,4,4,2.4,5,Unfurnished,393385.0
2226.0,2,1,1.2,26,Fully Furnished,413247.0
1980.0,4,4,5.0,8,Semi-Furnished,496698.0
2577.0,2,2,3.1,20,Semi-Furnished,508331.0
1116.0,4,4,1.4,12,Fully Furnished,301949.0
1936.0,4,3,7.5,24,Semi-Furnished,510665.0
1592.0,4,4,2.0,20,Unfurnished,338458.0
2595.0,3,2,6.5,25,Semi-Furnished,600116.0
1096.0,2,2,3.5,7,Unfurnished,306309.0
1080.0,1,1,2.6,15,Unfurnished,257978.0
1200.0,3,3,4.4,12,Semi-Furnished,346519.0
500.0,2,2,8.2,12,Fully Furnished,331332.0
1237.0,3,3,4.5,16,Unfurnished,337325.0
1120.0,2,2,7.8,22,Fully Furnished,390466.0
1575.0,5,4,2.1,19,Semi-Furnished,362331.0
1671.0,3,3,8.0,4,Unfurnished,482921.0
2438.0,4,4,3.1,21,Semi-Furnished,470157.0
1975.0,2,2,7.1,20,Fully Furnished,510319.0
1212.0,4,4,6.1,27,Semi-Furnished,363188.0
1051.0,4,4,9.4,16,Semi-Furnished,441792.0
1746.0,3,3,4.5,27,Unfurnished,391305.0
840.0,3,3,1.6,8,Semi-Furnished,229003.0
2416.0,3,3,1.2,1,Semi-Furnished,478809.0
2090.0,2,2,8.4,24,Semi-Furnished,520831.0
1265.0,3,3,5.7,25,Unfurnished,351498.0
643.0,2,2,8.0,17,Fully Furnished,333468.0
2177.0,2,2,3.1,8,Fully Furnished,486315.0
1443.0,2,1,4.1,5,Semi-Furnished,368116.0
2119.0,1,1,1.3,10,Unfurnished,388595.0
703.0,1,1,9.7,24,Semi-Furnished,323836.0
1200.0,2,2,7.0,28,Fully Furnished,385278.0
1503.0,5,4,9.4,5,Unfurnished,511059.0
1523.0,3,2,3.4,5,Fully Furnished,403771.0
1275.0,5,5,6.5,12,Fully Furnished,433325.0
1811.0,3,2,7.1,10,Unfurnished,482991.0
966.0,2,2,3.9,13,Unfurnished,288631.0
1429.0,3,3,8.6,1,Semi-Furnished,477630.0
1560.0,3,2,9.5,7,Semi-Furnished,510398.0
1757.0,2,1,9.0,2,Fully Furnished,528996.0
1856.0,3,3,7.7,22,Unfurnished,469721.0
938.0,2,2,3.5,20,Unfurnished,251574.0
733.0,3,3,3.5,2,Semi-Furnished,283672.0
2139.0,3,3,9.7,0,Fully Furnished,621668.0
1666.0,2,1,1.1,23,Fully Furnished,334916.0
1126.0,1,1,7.4,18,Semi-Furnished,361684.0
2276.0,3,3,7.4,17,Unfurnished,537613.0
1558.0,3,3,6.6,16,Semi-Furnished,439709.0
2090.0,1,1,9.9,19,Semi-Furnished,543194.0
1534.0,5,5,3.8,28,Semi-Furnished,392012.0
2530.0,1,1,4.1,23,Semi-Furnished,494597.0
2378.0,3,2,1.7,12,Unfurnished,460079.0
1376.0,5,4,5.0,2,Semi-Furnished,405331.0
1986.0,2,2,3.3,29,Unfurnished,398045.0
1823.0,2,1,4.1,0,Semi-Furnished,446932.0
2184.0,2,1,8.5,3,Fully Furnished,597212.0
1018.0,2,1,9.4,24,Unfurnished,365074.0
1843.0,2,2,2.7,12,Fully Furnished,414381.0
2029.0,3,3,4.4,16,Semi-Furnished,450603.0
621.0,1,1,9.4,27,Semi-Furnished,312220.0
908.0,3,3,1.6,29,Semi-Furnished,229175.0
500.0,5,5,1.8,10,Unfurnished,204592.0
1365.0,4,4,2.5,1,Fully Furnished,372749.0
1859.0,3,3,6.4,24,Unfurnished,440206.0
2251.0,2,1,2.4,15,Unfurnished,438718.0
1537.0,3,3,9.7,1,Semi-Furnished,518505.0
2314.0,3,3,5.0,28,Fully Furnished,492352.0
810.0,3,2,5.5,18,Semi-Furnished,307592.0
648.0,2,1,3.2,22,Unfurnished,198403.0
1472.0,4,3,5.2,18,Semi-Furnished,415631.0
1692.0,3,2,7.0,24,Fully Furnished,455997.0
1484.0,2,2,7.8,15,Semi-Furnished,408493.0
500.0,2,1,7.8,21,Fully Furnished,301987.0
1455.0,3,3,6.2,18,Fully Furnished,428252.0
848.0,4,4,9.1,8,Semi-Furnished,386043.0
1835.0,3,3,8.4,0,Unfurnished,512574.0
1683.0,3,3,7.8,9,Semi-Furnished,517816.0
1030.0,1,1,1.5,18,Unfurnished,214462.0
1243.0,3,3,1.1,0,Unfurnished,295008.0
970.0,3,2,2.9,1,Semi-Furnished,290793.0
1469.0,1,1,7.0,15,Unfurnished,376330.0
1978.0,2,2,4.7,11,Unfurnished,442449.0
1007.0,3,2,4.6,7,Semi-Furnished,325348.0
1752.0,2,2,9.0,22,Semi-Furnished,490030.0
1235.0,3,3,9.1,17,Semi-Furnished,434786.0
1104.0,2,2,9.2,1,Unfurnished,420329.0
1446.0,1,1,3.8,24,Fully Furnished,345970.0
982.0,2,2,7.2,28,Unfurnished,307107.0
1223.0,5,4,3.4,12,Fully Furnished,369232.0
901.0,4,4,2.7,5,Semi-Furnished,267475.0
2482.0,5,5,2.7,20,Fully Furnished,505085.0
1518.0,3,2,4.1,25,Semi-Furnished,374116.0
1150.0,2,1,4.9,5,Semi-Furnished,352483.0
1607.0,3,3,8.5,8,Fully Furnished,508045.0
1444.0,3,3,2.1,15,Semi-Furnished,316701.0
1390.0,4,4,7.6,10,Fully Furnished,458635.0
1807.0,1,1,5.8,6,Semi-Furnished,450097.0
1879.0,3,3,3.6,9,Unfurnished,404184.0
1235.0,2,2,5.4,9,Unfurnished,343030.0
1212.0,2,1,3.7,29,Semi-Furnished,303827.0
1362.0,3,3,6.4,24,Semi-Furnished,404939.0
500.0,3,3,4.9,19,Fully Furnished,250398.0
742.0,2,2,2.5,17,Unfurnished,213019.0
2183.0,2,2,2.0,27,Fully Furnished,408860.0
2322.0,3,3,5.9,23,Semi-Furnished,533872.0
1375.0,3,3,9.1,19,Semi-Furnished,447217.0
1788.0,4,3,4.1,28,Fully Furnished,431228.0
1656.0,5,5,7.6,8,Semi-Furnished,500806.0
3039.0,3,3,6.9,14,Unfurnished,666679.0
2060.0,2,2,9.4,3,Fully Furnished,583404.0
1436.0,3,3,8.4,7,Unfurnished,458959.0
1022.0,3,3,6.1,8,Unfurnished,340528.0
697.0,2,2,6.9,12,Unfurnished,293199.0
1602.0,4,4,9.1,8,Fully Furnished,528131.0
1122.0,1,1,4.6,25,Semi-Furnished,289230.0
789.0,4,3,3.9,3,Unfurnished,282513.0
1177.0,3,2,1.1,16,Unfurnished,253827.0
959.0,3,2,8.4,15,Unfurnished,372575.0
2344.0,3,2,8.2,14,Semi-Furnished,590557.0
1941.0,4,4,1.9,2,Semi-Furnished,439905.0
1496.0,3,2,6.2,24,Fully Furnished,431471.0
2240.0,3,3,5.2,19,Semi-Furnished,495506.0
1539.0,1,1,2.1,4,Fully Furnished,364858.0
1069.0,3,2,9.8,22,Fully Furnished,422043.0
2262.0,2,1,2.9,4,Fully Furnished,497758.0
1769.0,3,2,1.6,19,Fully Furnished,385218.0
981.0,3,3,6.4,14,Fully Furnished,344166.0
1405.0,3,3,7.6,17,Unfurnished,419150.0
1062.0,1,1,1.3,14,Semi-Furnished,234483.0
809.0,1,1,6.9,1,Unfurnished,310772.0
1963.0,3,3,5.8,28,Fully Furnished,491784.0
2455.0,1,1,1.9,12,Semi-Furnished,457257.0
801.0,1,1,2.6,3,Unfurnished,218598.0
1781.0,1,1,6.1,9,Unfurnished,436715.0
1175.0,5,4,3.7,12,Fully Furnished,368402.0
1256.0,3,2,9.4,9,Unfurnished,442446.0
1204.0,2,1,8.4,28,Unfurnished,387607.0
1068.0,2,1,9.9,8,Unfurnished,420553.0
1524.0,2,2,3.3,7,Unfurnished,333098.0
1085.0,3,2,9.7,2,Unfurnished,428934.0
1635.0,3,2,4.9,15,Fully Furnished,424788.0
1475.0,2,2,4.1,13,Fully Furnished,389079.0
1381.0,2,2,1.5,8,Unfurnished,267894.0
1046.0,1,1,1.5,29,Fully Furnished,258421.0
1212.0,3,3,7.2,20,Fully Furnished,411614.0
1878.0,3,3,5.1,10,Semi-Furnished,465570.0
1750.0,2,2,3.0,2,Unfurnished,402158.0
1011.0,1,1,6.5,4,Fully Furnished,389635.0
1550.0,1,1,3.3,28,Fully Furnished,354672.0
1876.0,5,4,6.2,9,Unfurnished,501316.0
665.0,2,2,4.2,12,Semi-Furnished,252759.0
1772.0,3,3,8.4,3,Unfurnished,508076.0
1169.0,3,3,8.4,23,Semi-Furnished,398771.0
1785.0,2,2,5.3,12,Unfurnished,417457.0
1118.0,2,1,4.2,11,Unfurnished,297533.0
598.0,2,2,4.3,4,Unfurnished,225389.0
686.0,3,3,8.3,9,Unfurnished,333704.0
1524.0,3,3,4.0,27,Semi-Furnished,345332.0
1630.0,3,3,2.9,23,Semi-Furnished,364519.0
1048.0,3,2,1.8,8,Fully Furnished,290057.0
1819.0,1,1,5.2,19,Unfurnished,409869.0
669.0,5,5,5.3,6,Semi-Furnished,307948.0
1467.0,3,3,8.6,1,Semi-Furnished,515676.0
894.0,2,2,3.0,21,Semi-Furnished,261098.0
1174.0,5,5,4.4,23,Unfurnished,317745.0
1524.0,3,3,8.3,27,Fully Furnished,465897.0
1070.0,3,3,8.4,22,Semi-Furnished,384641.0
1308.0,3,3,4.5,6,Unfurnished,346244.0
2003.0,4,4,5.1,7,Semi-Furnished,484214.0
1212.0,3,2,3.7,6,Semi-Furnished,346647.0
1918.0,2,1,9.4,20,Fully Furnished,538723.0
935.0,2,2,2.1,22,Semi-Furnished,243306.0
1765.0,4,3,9.4,28,Semi-Furnished,525748.0
2221.0,2,2,7.2,13,Unfurnished,540453.0
500.0,2,2,5.8,25,Unfurnished,214659.0
1102.0,3,2,1.3,18,Fully Furnished,278865.0
1789.0,3,2,5.3,4,Unfurnished,454212.0
1398.0,3,2,4.7,22,Unfurnished,345424.0
1686.0,4,4,2.5,24,Fully Furnished,378138.0
1198.0,2,2,6.9,17,Semi-Furnished,393450.0
1543.0,2,1,9.7,19,Fully Furnished,500076.0
1422.0,2,2,6.1,11,Unfurnished,394378.0
2084.0,4,4,7.4,22,Fully Furnished,540018.0
1627.0,3,3,1.6,16,Semi-Furnished,335210.0
1669.0,2,2,4.8,12,Fully Furnished,421806.0
1294.0,4,4,2.0,1,Unfurnished,322314.0
1256.0,4,4,6.5,24,Unfurnished,362091.0
1284.0,4,3,9.4,12,Fully Furnished,483386.0
1697.0,4,4,7.0,25,Semi-Furnished,444319.0
1290.0,2,2,1.7,6,Fully Furnished,307050.0
1645.0,3,3,4.2,27,Semi-Furnished,391782.0
2538.0,3,3,6.0,9,Semi-Furnished,587312.0
1936.0,4,4,4.6,22,Fully Furnished,465993.0
1337.0,3,3,8.5,5,Semi-Furnished,447927.0
2101.0,3,2,8.3,2,Unfurnished,548458.0
1296.0,3,3,6.5,25,Fully Furnished,393291.0
500.0,2,1,4.4,2,Semi-Furnished,250668.0
996.0,3,3,3.3,17,Unfurnished,279137.0
565.0,5,5,2.0,10,Fully Furnished,233783.0
1324.0,4,4,4.2,21,Unfurnished,329483.0
1509.0,1,1,4.7,19,Unfurnished,354931.0
2338.0,2,1,7.1,4,Unfurnished,548146.0
1663.0,2,2,6.9,18,Semi-Furnished,440806.0
1390.0,3,3,1.6,21,Fully Furnished,332940.0
1915.0,4,3,4.6,26,Fully Furnished,467623.0
500.0,2,1,2.6,27,Semi-Furnished,173800.0
1618.0,3,2,2.4,18,Fully Furnished,361178.0
1885.0,4,4,8.4,29,Unfurnished,500343.0
761.0,3,2,1.4,14,Fully Furnished,241277.0
2072.0,3,3,4.8,29,Semi-Furnished,453978.0
1669.0,3,3,2.5,15,Unfurnished,371675.0
1292.0,3,3,8.9,23,Semi-Furnished,445560.0
1816.0,2,2,6.0,8,Unfurnished,467363.0
2635.0,3,3,3.1,3,Unfurnished,535503.0
1591.0,3,3,5.5,14,Fully Furnished,443951.0
1624.0,4,3,7.6,24,Unfurnished,463426.0
1270.0,3,3,9.6,11,Semi-Furnished,465983.0
1075.0,3,3,3.0,22,Fully Furnished,292930.0
1915.0,2,2,9.0,2,Semi-Furnished,544302.0
1072.0,3,2,9.4,22,Unfurnished,398354.0
1536.0,1,1,9.2,13,Semi-Furnished,457918.0
1261.0,2,2,6.7,16,Semi-Furnished,383118.0
1739.0,3,2,6.7,18,Unfurnished,458257.0
1667.0,5,4,4.6,5,Fully Furnished,443190.0
2019.0,1,1,7.8,3,Semi-Furnished,544092.0
1245.0,3,3,5.8,6,Unfurnished,384605.0
1365.0,4,3,7.1,29,Fully Furnished,418601.0
1011.0,2,2,4.9,18,Fully Furnished,327149.0
1278.0,3,3,7.6,16,Fully Furnished,429379.0
1689.0,3,2,8.4,24,Semi-Furnished,493002.0
1878.0,3,3,2.3,15,Semi-Furnished,410460.0
1039.0,2,2,8.5,14,Semi-Furnished,375764.0
1935.0,2,2,5.9,21,Fully Furnished,481846.0
2178.0,3,3,8.6,7,Semi-Furnished,581156.0
1707.0,3,3,4.9,18,Unfurnished,407470.0
2438.0,1,1,4.4,7,Semi-Furnished,511205.0
1113.0,3,3,9.2,17,Semi-Furnished,438658.0
878.0,1,1,3.3,27,Fully Furnished,256762.0
611.0,3,3,8.6,15,Semi-Furnished,328656.0
2248.0,2,2,5.4,19,Unfurnished,472481.0
1827.0,5,4,5.6,18,Fully Furnished,485758.0
1472.0,2,2,3.8,9,Unfurnished,357200.0
1640.0,2,2,6.2,16,Fully Furnished,447547.0
937.0,2,2,3.9,12,Fully Furnished,313658.0
2723.0,2,2,1.4,12,Semi-Furnished,510399.0
1565.0,4,4,3.4,6,Unfurnished,394347.0
1555.0,5,4,1.1,26,Fully Furnished,348621.0
1863.0,2,1,9.8,9,Semi-Furnished,533143.0
1741.0,3,3,9.7,1,Fully Furnished,561453.0
1612.0,3,3,4.6,3,Fully Furnished,449020.0
1105.0,4,3,7.6,24,Fully Furnished,400306.0
1736.0,3,2,4.1,5,Fully Furnished,450136.0
2441.0,2,2,7.0,23,Fully Furnished,569261.0
2173.0,3,3,8.2,17,Fully Furnished,565086.0
2297.0,3,3,9.5,22,Semi-Furnished,595672.0
1244.0,1,1,4.6,5,Fully Furnished,364288.0
1005.0,3,2,8.0,28,Unfurnished,343216.0
1437.0,2,2,3.4,29,Semi-Furnished,322576.0
1528.0,3,3,9.9,24,Unfurnished,462045.0
2047.0,1,1,1.2,22,Fully Furnished,399895.0
654.0,3,2,6.4,16,Unfurnished,279756.0
2265.0,3,2,6.9,13,Fully Furnished,583455.0
1421.0,3,2,7.2,23,Fully Furnished,447785.0
1287.0,1,1,2.1,10,Semi-Furnished,293843.0
994.0,3,3,9.4,25,Semi-Furnished,385443.0
673.0,3,3,2.6,18,Fully Furnished,215640.0
1912.0,3,3,6.6,29,Semi-Furnished,455613.0
1537.0,3,3,3.0,1,Unfurnished,355342.0
855.0,3,2,3.8,27,Semi-Furnished,271837.0
852.0,4,4,5.9,2,Semi-Furnished,349390.0
1332.0,2,1,4.8,10,Unfurnished,353807.0
2335.0,4,4,2.4,5,Semi-Furnished,474313.0
1370.0,3,2,2.5,28,Fully Furnished,312320.0
748.0,1,1,4.8,13,Unfurnished,256901.0
1377.0,1,1,7.8,18,Fully Furnished,428748.0
1364.0,2,2,9.1,25,Unfurnished,417207.0
500.0,3,3,1.8,15,Fully Furnished,203291.0
1473.0,3,2,4.5,20,Fully Furnished,408045.0
1385.0,3,2,1.9,21,Semi-Furnished,307014.0
1848.0,3,3,1.1,23,Fully Furnished,376396.0
2424.0,3,3,7.0,6,Semi-Furnished,590707.0
2063.0,2,2,6.4,29,Unfurnished,488354.0
1366.0,2,2,2.5,26,Fully Furnished,294183.0
947.0,3,2,3.1,7,Fully Furnished,310429.0
2787.0,1,1,1.2,18,Unfurnished,474121.0
1530.0,2,2,8.5,19,Unfurnished,446900.0
1507.0,3,2,9.8,15,Fully Furnished,502415.0
1488.0,3,3,2.2,21,Unfurnished,315584.0
1599.0,5,4,3.1,26,Semi-Furnished,384636.0
1428.0,4,4,8.8,6,Unfurnished,502616.0
1213.0,3,2,9.3,8,Unfurnished,444819.0
1227.0,3,2,4.8,12,Fully Furnished,363038.0
1484.0,3,3,1.5,0,Semi-Furnished,342418.0
1228.0,3,2,1.4,28,Unfurnished,244800.0
1144.0,2,2,6.2,7,Semi-Furnished,351391.0
1553.0,3,3,4.5,23,Semi-Furnished,380902.0
1373.0,4,4,1.3,21,Semi-Furnished,311862.0
2252.0,2,1,6.2,3,Fully Furnished,545543.0
500.0,3,2,1.1,2,Unfurnished,184519.0
2046.0,3,2,8.1,26,Fully Furnished,544468.0
2123.0,2,1,3.8,2,Unfurnished,453272.0
500.0,2,2,1.4,21,Unfurnished,139331.0
1329.0,2,1,6.3,12,Fully Furnished,423185.0
1314.0,1,1,4.6,7,Semi-Furnished,360561.0
796.0,1,1,9.8,6,Semi-Furnished,380809.0
1111.0,4,4,5.9,26,Unfurnished,333243.0
945.0,2,1,3.5,0,Fully Furnished,312016.0
2376.0,3,2,7.4,26,Semi-Furnished,555002.0
1968.0,2,2,3.4,15,Semi-Furnished,405497.0
2136.0,4,4,9.1,5,Unfurnished,606052.0
1861.0,2,1,4.4,6,Unfurnished,429129.0
935.0,3,3,5.9,11,Fully Furnished,356779.0
1238.0,4,3,1.5,22,Unfurnished,271185.0
1745.0,4,3,4.8,8,Semi-Furnished,444054.0
889.0,2,2,8.5,26,Semi-Furnished,347307.0
1856.0,4,4,8.3,10,Semi-Furnished,517498.0
1380.0,3,2,3.0,9,Semi-Furnished,371624.0
1313.0,3,2,3.0,20,Fully Furnished,325238.0
1855.0,2,2,8.4,0,Fully Furnished,535117.0
1722.0,1,1,9.4,17,Unfurnished,475889.0
1320.0,3,3,1.9,3,Unfurnished,323473.0
2080.0,3,3,5.1,4,Unfurnished,487105.0
959.0,3,2,4.0,8,Fully Furnished,310301.0
1808.0,3,2,8.8,26,Semi-Furnished,516462.0
1797.0,3,3,1.8,16,Unfurnished,367827.0
1345.0,2,1,2.9,2,Semi-Furnished,347171.0
1663.0,3,3,7.8,15,Unfurnished,469562.0
874.0,2,2,1.5,4,Unfurnished,248343.0
1962.0,3,3,5.4,15,Unfurnished,482309.0
1408.0,3,2,5.0,2,Unfurnished,380844.0
1239.0,5,5,4.0,19,Unfurnished,353727.0
2025.0,1,1,4.6,14,Semi-Furnished,452530.0
1148.0,1,1,5.8,29,Unfurnished,309054.0
796.0,2,1,2.5,2,Semi-Furnished,233489.0
722.0,2,2,6.1,19,Fully Furnished,301008.0
1803.0,2,1,8.2,13,Unfurnished,477800.0
860.0,4,4,7.8,15,Semi-Furnished,376577.0
2377.0,2,2,2.4,28,Fully Furnished,473022.0
500.0,2,2,2.3,28,Fully Furnished,159120.0
2348.0,3,2,3.4,16,Fully Furnished,506285.0
1606.0,3,2,4.2,27,Semi-Furnished,391538.0
1452.0,3,3,4.7,23,Unfurnished,354902.0
1228.0,1,1,7.1,19,Unfurnished,365267.0
1700.0,3,3,1.5,22,Semi-Furnished,350649.0
1481.0,1,1,1.3,17,Unfurnished,286335.0
2052.0,1,1,4.5,17,Semi-Furnished,445078.0
1557.0,4,4,7.3,21,Unfurnished,425391.0
1575.0,2,2,2.7,13,Fully Furnished,360376.0
1318.0,3,3,6.8,17,Unfurnished,394793.0
1472.0,3,3,3.3,14,Semi-Furnished,361693.0
1654.0,2,1,9.0,14,Semi-Furnished,490196.0
645.0,4,4,9.1,5,Fully Furnished,386223.0
826.0,1,1,3.7,26,Semi-Furnished,230346.0
1872.0,3,2,3.1,14,Unfurnished,411613.0
1585.0,5,5,4.7,17,Unfurnished,402997.0
1408.0,3,3,3.2,3,Fully Furnished,366586.0
1509.0,4,4,7.1,22,Semi-Furnished,446848.0
1674.0,1,1,8.4,7,Fully Furnished,497212.0
1230.0,3,3,7.1,14,Unfurnished,384989.0
1111.0,2,2,8.4,2,Fully Furnished,448086.0
1598.0,3,2,4.6,29,Semi-Furnished,382441.0
1011.0,5,5,2.4,14,Fully Furnished,311651.0
1704.0,2,2,7.6,12,Semi-Furnished,463661.0
649.0,3,3,4.2,8,Semi-Furnished,262995.0
2015.0,2,2,7.0,1,Unfurnished,517611.0
1736.0,3,3,3.4,23,Unfurnished,359107.0
1628.0,3,2,1.7,7,Unfurnished,350332.0
1991.0,5,5,9.9,28,Semi-Furnished,571374.0
2333.0,3,3,2.4,29,Fully Furnished,464940.0
2007.0,2,2,9.9,19,Semi-Furnished,565865.0
580.0,2,2,9.8,16,Unfurnished,332189.0
860.0,2,1,8.1,12,Unfurnished,358700.0
1188.0,2,2,6.9,0,Fully Furnished,406899.0
1513.0,2,2,6.2,1,Unfurnished,420821.0
1759.0,4,4,8.8,29,Unfurnished,487067.0
1137.0,3,2,3.6,14,Unfurnished,290976.0
1593.0,3,3,5.2,11,Fully Furnished,446253.0
1122.0,2,2,6.6,13,Semi-Furnished,388583.0
1194.0,4,3,4.7,24,Unfurnished,326980.0
797.0,3,2,4.8,28,Fully Furnished,289498.0
1038.0,1,1,4.0,1,Unfurnished,294554.0
824.0,3,3,6.1,17,Fully Furnished,322550.0
1012.0,3,3,8.7,21,Unfurnished,355205.0
2027.0,1,1,2.8,6,Fully Furnished,434241.0
1025.0,3,3,9.4,28,Unfurnished,366073.0
2816.0,3,3,7.2,22,Semi-Furnished,645505.0
1747.0,2,2,8.4,28,Unfurnished,457037.0
1592.0,4,4,6.0,24,Fully Furnished,439518.0
1071.0,4,4,8.0,5,Unfurnished,412328.0
1850.0,3,2,1.1,13,Semi-Furnished,364722.0
1212.0,3,3,8.4,7,Unfurnished,410967.0
1561.0,3,3,1.4,26,Fully Furnished,333056.0
2780.0,3,3,9.0,21,Fully Furnished,685978.0
1452.0,3,2,9.9,1,Semi-Furnished,514866.0
2075.0,1,1,3.6,16,Fully Furnished,452611.0
1148.0,3,3,2.9,4,Unfurnished,304900.0
1483.0,4,4,7.9,13,Unfurnished,454644.0
2385.0,3,3,3.3,24,Unfurnished,469371.0
1187.0,1,1,8.8,23,Fully Furnished,398979.0
2406.0,3,3,1.9,29,Unfurnished,436406.0
1854.0,2,2,2.1,28,Unfurnished,338016.0
1219.0,2,1,9.8,19,Unfurnished,421373.0
1816.0,2,2,7.1,20,Semi-Furnished,463915.0
1986.0,2,2,8.6,28,Fully Furnished,553775.0
1811.0,3,2,3.9,20,Fully Furnished,429616.0
715.0,3,3,7.1,21,Fully Furnished,313458.0
1136.0,2,2,6.3,2,Semi-Furnished,378086.0
1376.0,4,4,6.4,4,Fully Furnished,454197.0
1463.0,4,4,7.1,15,Semi-Furnished,461507.0
1810.0,4,3,6.2,17,Semi-Furnished,468721.0
1589.0,2,1,4.9,25,Fully Furnished,382235.0
832.0,3,3,3.5,16,Unfurnished,258684.0
1690.0,5,5,7.9,10,Unfurnished,483053.0
1805.0,3,2,3.0,16,Fully Furnished,413161.0
1780.0,1,1,7.2,15,Fully Furnished,476532.0
2040.0,1,1,3.1,25,Semi-Furnished,404862.0
1917.0,3,3,6.6,22,Fully Furnished,503995.0
1730.0,4,4,7.7,1,Semi-Furnished,510576.0
1465.0,3,2,3.0,3,Fully Furnished,381869.0
670.0,3,3,1.5,20,Unfurnished,181075.0
1715.0,2,2,2.2,6,Unfurnished,363293.0
1604.0,3,3,6.5,1,Fully Furnished,479134.0
1636.0,4,4,8.6,29,Semi-Furnished,484129.0
862.0,2,2,1.4,5,Unfurnished,228282.0
959.0,3,3,7.6,16,Semi-Furnished,370994.0
2027.0,5,4,4.1,6,Fully Furnished,510960.0
1480.0,2,2,5.3,24,Fully Furnished,376346.0
1841.0,3,2,9.4,4,Unfurnished,537810.0
1514.0,2,2,4.0,4,Fully Furnished,405674.0
1515.0,3,3,5.2,19,Unfurnished,389782.0
1969.0,3,2,1.1,15,Semi-Furnished,383411.0
1242.0,3,3,1.7,18,Unfurnished,267394.0
1548.0,3,3,3.3,8,Unfurnished,361015.0
1269.0,2,2,1.3,4,Semi-Furnished,299707.0
1283.0,4,4,6.7,7,Unfurnished,415899.0
1345.0,3,2,4.8,8,Unfurnished,362489.0
1611.0,2,1,5.9,4,Fully Furnished,463406.0
1261.0,3,3,2.6,9,Semi-Furnished,323265.0
2128.0,3,3,3.7,24,Unfurnished,435207.0
1053.0,2,2,7.0,1,Semi-Furnished,378779.0
1407.0,4,3,9.7,8,Semi-Furnished,505205.0
1280.0,4,4,1.5,10,Unfurnished,299351.0
2223.0,2,2,9.0,3,Fully Furnished,632051.0
1598.0,5,5,6.2,21,Semi-Furnished,438558.0
2016.0,2,2,6.1,21,Unfurnished,467575.0
757.0,2,2,5.5,21,Semi-Furnished,271841.0
1634.0,2,1,1.6,1,Fully Furnished,367327.0
1945.0,4,4,1.8,22,Fully Furnished,414791.0
1541.0,3,3,6.4,28,Fully Furnished,428709.0
2033.0,2,1,4.1,5,Unfurnished,477965.0
1241.0,3,2,9.3,26,Unfurnished,410470.0
2205.0,3,3,4.7,13,Fully Furnished,503086.0
2649.0,1,1,2.3,0,Unfurnished,505938.0
1319.0,4,4,7.4,17,Fully Furnished,420190.0
1277.0,4,4,3.6,6,Unfurnished,344471.0
2227.0,3,3,5.7,0,Fully Furnished,558749.0
2290.0,5,5,7.3,0,Semi-Furnished,612024.0
1239.0,3,3,9.1,0,Fully Furnished,487569.0
1290.0,5,4,8.1,23,Fully Furnished,446545.0
1359.0,3,3,7.1,3,Unfurnished,419605.0
828.0,3,3,7.1,3,Unfurnished,334339.0
1041.0,2,2,9.5,28,Unfurnished,363087.0
998.0,4,3,3.7,17,Unfurnished,290537.0
1116.0,3,2,1.0,26,Unfurnished,215880.0
1483.0,2,1,3.4,10,Unfurnished,342204.0
1617.0,1,1,3.0,26,Semi-Furnished,327835.0
2275.0,3,2,7.0,0,Fully Furnished,595915.0
1001.0,3,3,6.7,27,Fully Furnished,371706.0
1992.0,3,3,6.3,9,Fully Furnished,509131.0
1393.0,4,4,1.1,8,Semi-Furnished,306344.0
1475.0,1,1,7.6,22,Fully Furnished,428221.0
1837.0,3,2,3.9,3,Semi-Furnished,444504.0
939.0,2,2,7.0,27,Semi-Furnished,327193.0
1691.0,4,4,6.0,5,Semi-Furnished,466902.0
1583.0,4,4,4.1,29,Fully Furnished,393669.0
1746.0,3,2,2.2,15,Semi-Furnished,382333.0
1645.0,3,3,1.8,1,Fully Furnished,402587.0
2728.0,2,2,8.5,22,Fully Furnished,626270.0
1181.0,3,3,9.3,17,Unfurnished,413292.0
1235.0,4,4,6.8,9,Unfurnished,400775.0
1188.0,3,2,1.9,23,Semi-Furnished,268203.0
1222.0,2,2,4.6,23,Semi-Furnished,343516.0
1181.0,3,2,7.6,16,Fully Furnished,408051.0
2095.0,4,4,8.0,12,Semi-Furnished,561131.0
2210.0,2,2,2.1,23,Semi-Furnished,428877.0
1215.0,2,2,1.0,17,Fully Furnished,270787.0
1084.0,3,2,7.4,21,Semi-Furnished,355792.0
1736.0,4,4,4.2,12,Semi-Furnished,427257.0
1224.0,2,2,3.3,16,Fully Furnished,335684.0
1816.0,2,2,1.1,4,Fully Furnished,385422.0
1601.0,2,1,5.9,10,Unfurnished,404009.0
742.0,2,2,8.7,6,Fully Furnished,384783.0
2274.0,3,2,9.6,28,Unfurnished,568129.0
2398.0,3,3,6.1,9,Semi-Furnished,557923.0
1194.0,3,3,5.6,16,Fully Furnished,379138.0
1306.0,3,3,1.8,14,Fully Furnished,327940.0
1643.0,2,2,5.9,17,Fully Furnished,463554.0
1667.0,4,4,4.4,22,Semi-Furnished,418753.0
1829.0,3,3,6.5,21,Unfurnished,463774.0
2505.0,5,5,4.5,18,Semi-Furnished,548676.0
1412.0,3,2,3.2,29,Semi-Furnished,316224.0
1101.0,2,2,1.9,25,Fully Furnished,265345.0
810.0,3,2,3.8,1,Unfurnished,277808.0
1135.0,2,2,1.9,25,Semi-Furnished,244291.0
1483.0,3,3,2.6,3,Fully Furnished,378104.0
2397.0,1,1,9.9,2,Semi-Furnished,633306.0
1241.0,2,2,5.0,6,Semi-Furnished,365722.0
1612.0,4,4,5.8,23,Fully Furnished,448064.0
1492.0,2,2,8.9,17,Fully Furnished,478429.0
2094.0,4,4,10.0,9,Unfurnished,584762.0
2763.0,2,2,6.2,6,Semi-Furnished,610270.0
1235.0,3,2,8.3,7,Fully Furnished,438941.0
1255.0,3,2,3.9,5,Fully Furnished,387489.0
2022.0,3,3,3.8,21,Unfurnished,426980.0
1841.0,2,2,4.6,25,Unfurnished,398880.0
2423.0,2,2,7.1,0,Fully Furnished,595266.0
1792.0,1,1,7.1,3,Unfurnished,496446.0
1320.0,2,2,3.8,13,Fully Furnished,344563.0
1795.0,3,3,2.2,16,Semi-Furnished,379988.0
2054.0,4,4,6.7,19,Unfurnished,507642.0
1910.0,4,4,2.2,17,Semi-Furnished,415137.0
1754.0,3,3,6.2,10,Semi-Furnished,476754.0
2033.0,3,2,7.2,28,Semi-Furnished,520893.0
2085.0,3,2,7.3,20,Fully Furnished,543869.0
2191.0,2,2,7.8,25,Semi-Furnished,521227.0
1824.0,4,3,8.9,13,Semi-Furnished,533698.0
1416.0,3,2,5.5,8,Semi-Furnished,408537.0
1573.0,3,3,7.6,26,Fully Furnished,479131.0
2103.0,2,2,6.6,14,Semi-Furnished,496961.0
1092.0,3,3,2.7,11,Semi-Furnished,307851.0
1684.0,3,2,1.2,9,Unfurnished,345574.0
1303.0,4,3,3.6,18,Fully Furnished,368095.0
1514.0,3,3,5.0,23,Semi-Furnished,386382.0
2139.0,2,2,6.6,18,Unfurnished,486539.0
1596.0,5,5,8.6,5,Fully Furnished,542334.0
1523.0,2,2,2.8,19,Fully Furnished,361851.0
820.0,3,3,2.1,23,Fully Furnished,250830.0
1873.0,1,1,9.7,26,Fully Furnished,525262.0
1823.0,3,3,2.0,5,Fully Furnished,409361.0
2582.0,4,3,5.3,7,Fully Furnished,587285.0
1346.0,2,1,6.3,0,Semi-Furnished,420512.0
1610.0,4,3,5.9,21,Semi-Furnished,436623.0
1625.0,2,2,1.8,16,Semi-Furnished,330532.0
2289.0,4,4,1.5,16,Semi-Furnished,449188.0
1452.0,3,3,1.9,23,Unfurnished,297672.0
1640.0,4,4,6.3,14,Semi-Furnished,440503.0
1804.0,1,1,5.9,6,Fully Furnished,461397.0
1593.0,5,5,3.1,18,Semi-Furnished,377731.0
1277.0,3,3,6.7,21,Semi-Furnished,385692.0
1597.0,2,2,8.4,24,Fully Furnished,463782.0
2037.0,4,4,1.4,22,Semi-Furnished,388737.0
987.0,2,2,5.5,27,Semi-Furnished,322401.0
1566.0,4,3,7.2,2,Semi-Furnished,493574.0
1150.0,2,1,3.3,29,Unfurnished,256617.0
2098.0,3,3,3.8,29,Semi-Furnished,444251.0
738.0,3,3,6.5,28,Fully Furnished,313390.0
1221.0,1,1,9.1,21,Fully Furnished,435120.0
1689.0,2,2,8.3,10,Semi-Furnished,480891.0
2283.0,1,1,6.2,19,Semi-Furnished,524799.0
1467.0,3,2,7.6,29,Semi-Furnished,417530.0
1222.0,2,2,4.3,28,Fully Furnished,313669.0
2441.0,3,3,6.8,18,Fully Furnished,591702.0
776.0,2,2,5.2,8,Unfurnished,291219.0
500.0,2,2,2.7,9,Unfurnished,211568.0
1720.0,3,3,7.3,1,Unfurnished,470817.0
1249.0,1,1,6.0,0,Fully Furnished,404499.0
989.0,4,4,4.2,29,Unfurnished,275361.0
1854.0,4,4,9.2,15,Semi-Furnished,552501.0
1622.0,3,3,1.2,17,Semi-Furnished,321848.0
1218.0,3,3,3.8,22,Fully Furnished,323906.0
860.0,4,4,1.5,25,Unfurnished,203957.0
1936.0,2,1,7.9,16,Semi-Furnished,510199.0
1825.0,1,1,7.3,5,Fully Furnished,496234.0
1450.0,2,2,4.0,13,Unfurnished,354296.0
2423.0,3,3,7.1,22,Semi-Furnished,577386.0
965.0,1,1,4.6,24,Unfurnished,266008.0
737.0,3,3,7.8,14,Fully Furnished,371899.0
1154.0,5,5,5.1,13,Unfurnished,359518.0
1477.0,4,3,4.7,23,Fully Furnished,389122.0
1622.0,3,3,9.4,21,Unfurnished,493636.0
1379.0,1,1,3.3,2,Semi-Furnished,338014.0
1676.0,4,4,2.1,23,Fully Furnished,387689.0
874.0,3,2,6.3,22,Fully Furnished,349090.0
2222.0,2,2,9.7,18,Fully Furnished,605327.0
1459.0,1,1,4.4,24,Unfurnished,315888.0
2059.0,4,4,1.6,11,Unfurnished,404282.0
1671.0,3,3,4.1,1,Semi-Furnished,438507.0
1728.0,4,4,5.6,2,Fully Furnished,485633.0
1785.0,4,4,2.5,17,Fully Furnished,412174.0
1724.0,3,3,6.9,28,Unfurnished,442625.0
1821.0,3,3,10.0,0,Unfurnished,559762.0
2165.0,3,3,5.1,19,Semi-Furnished,495288.0
1598.0,2,2,4.2,20,Semi-Furnished,376504.0
1855.0,3,2,4.6,28,Unfurnished,405175.0
1455.0,3,3,2.0,5,Fully Furnished,370075.0
2220.0,3,3,8.9,4,Semi-Furnished,606534.0
1162.0,4,4,4.7,0,Unfurnished,356366.0
2400.0,3,3,4.5,18,Unfurnished,513601.0
1480.0,3,2,6.9,0,Fully Furnished,469442.0
785.0,3,3,5.0,26,Unfurnished,249741.0
1564.0,3,3,6.8,20,Unfurnished,413700.0
1159.0,3,3,1.6,20,Semi-Furnished,260194.0
1920.0,2,2,8.3,15,Unfurnished,499294.0
1174.0,3,3,9.5,11,Unfurnished,441181.0
1277.0,2,2,6.8,26,Semi-Furnished,366263.0
555.0,2,2,9.6,28,Fully Furnished,334991.0
1274.0,3,2,2.4,21,Fully Furnished,310268.0
500.0,3,3,5.3,7,Semi-Furnished,262832.0
708.0,5,4,6.4,25,Semi-Furnished,296932.0
1880.0,3,2,6.2,15,Fully Furnished,492038.0
1893.0,3,2,4.6,27,Fully Furnished,443761.0
1713.0,3,3,4.0,0,Fully Furnished,453167.0
1017.0,3,3,2.1,3,Fully Furnished,303038.0
1476.0,1,1,4.5,9,Fully Furnished,376451.0
1498.0,2,2,2.5,10,Semi-Furnished,354851.0
921.0,2,2,7.6,16,Unfurnished,338412.0
2252.0,3,2,2.9,24,Fully Furnished,471328.0
1939.0,1,1,1.5,26,Fully Furnished,372252.0
1390.0,2,2,6.0,22,Unfurnished,359676.0
1513.0,2,2,6.4,6,Unfurnished,417336.0
1604.0,5,5,8.8,11,Unfurnished,505829.0
500.0,2,1,6.2,20,Unfurnished,221388.0
1376.0,3,2,4.1,6,Unfurnished,354261.0
1159.0,2,2,8.2,11,Unfurnished,389344.0
999.0,3,3,5.9,14,Semi-Furnished,343690.0
1359.0,2,1,1.7,1,Unfurnished,318621.0
2399.0,2,2,6.1,13,Unfurnished,524462.0
1820.0,3,3,9.2,12,Semi-Furnished,528527.0
1214.0,1,1,4.6,3,Unfurnished,323873.0
1786.0,1,1,3.7,13,Fully Furnished,403767.0
